{
    "12": {
        "this": 0.0489039421081543, 
        "total": 0.0489039421081543, 
        "trans": 0.010721921920776367, 
        "solve": 0.03818202018737793
    }, 
    "6": {
        "this": 0.01781320571899414, 
        "total": 0.06671714782714844, 
        "trans": 0.004124164581298828, 
        "solve": 0.013689041137695312
    }, 
    "3": {
        "this": 0.013880014419555664, 
        "total": 0.0805971622467041, 
        "trans": 0.00179290771484375, 
        "solve": 0.012087106704711914
    }, 
    "5": {
        "this": 0.01665806770324707, 
        "total": 0.09725522994995117, 
        "trans": 0.003832101821899414, 
        "solve": 0.012825965881347656
    }, 
    "4": {
        "this": 83.60323905944824, 
        "total": 83.7004942893982, 
        "trans": 0.0024230480194091797, 
        "solve": 83.60081601142883
    }
}
