{
    "5": {
        "this": 0.01032400131225586, 
        "total": 0.01032400131225586, 
        "trans": 0.0014460086822509766, 
        "solve": 0.008877992630004883
    }, 
    "3": {
        "this": 0.016288042068481445, 
        "total": 0.026612043380737305, 
        "trans": 0.0007259845733642578, 
        "solve": 0.015562057495117188
    }, 
    "4": {
        "this": 0.01313924789428711, 
        "total": 0.039751291275024414, 
        "trans": 0.001020193099975586, 
        "solve": 0.012119054794311523
    }
}
