{
    "19": {
        "this": 0.22436308860778809, 
        "total": 0.22436308860778809, 
        "trans": 0.057090044021606445, 
        "solve": 0.16727304458618164
    }, 
    "10": {
        "this": 0.08899903297424316, 
        "total": 0.31336212158203125, 
        "trans": 0.01828908920288086, 
        "solve": 0.0707099437713623
    }, 
    "5": {
        "this": 0.03163290023803711, 
        "total": 0.34499502182006836, 
        "trans": 0.007005929946899414, 
        "solve": 0.024626970291137695
    }, 
    "3": {
        "this": 0.05586981773376465, 
        "total": 0.400864839553833, 
        "trans": 0.0040209293365478516, 
        "solve": 0.0518488883972168
    }, 
    "4": {
        "trans": 0.005461931228637695
    }
}
