{
    "29": {
        "this": 0.43503785133361816, 
        "total": 0.43503785133361816, 
        "trans": 0.1823430061340332, 
        "solve": 0.25269484519958496
    }, 
    "15": {
        "this": 0.23654580116271973, 
        "total": 0.6715836524963379, 
        "trans": 0.059410810470581055, 
        "solve": 0.17713499069213867
    }, 
    "8": {
        "this": 0.09699296951293945, 
        "total": 0.7685766220092773, 
        "trans": 0.022764921188354492, 
        "solve": 0.07422804832458496
    }, 
    "4": {
        "trans": 0.009892940521240234
    }
}
