{
    "6": {
        "this": 0.0346829891204834, 
        "total": 0.0346829891204834, 
        "trans": 0.0024869441986083984, 
        "solve": 0.032196044921875
    }, 
    "3": {
        "this": 0.10125279426574707, 
        "total": 0.13593578338623047, 
        "trans": 0.0010848045349121094, 
        "solve": 0.10016798973083496
    }, 
    "5": {
        "this": 0.01762080192565918, 
        "total": 0.15355658531188965, 
        "trans": 0.002051830291748047, 
        "solve": 0.015568971633911133
    }, 
    "4": {
        "this": 0.013870954513549805, 
        "total": 0.16742753982543945, 
        "trans": 0.0015668869018554688, 
        "solve": 0.012304067611694336
    }
}
