{
    "40": {
        "this": 1.1612763404846191, 
        "total": 1.1612763404846191, 
        "trans": 0.5558531284332275, 
        "solve": 0.6054232120513916
    }, 
    "20": {
        "this": 0.5617899894714355, 
        "total": 1.7230663299560547, 
        "trans": 0.1686539649963379, 
        "solve": 0.39313602447509766
    }, 
    "10": {
        "this": 0.22237682342529297, 
        "total": 1.9454431533813477, 
        "trans": 0.05557084083557129, 
        "solve": 0.16680598258972168
    }, 
    "5": {
        "this": 0.08617711067199707, 
        "total": 2.0316202640533447, 
        "trans": 0.022370100021362305, 
        "solve": 0.06380701065063477
    }, 
    "3": {
        "this": 2.7483417987823486, 
        "total": 4.779962062835693, 
        "trans": 0.012952804565429688, 
        "solve": 2.735388994216919
    }, 
    "4": {
        "trans": 0.017529964447021484
    }
}
