{
    "7": {
        "this": 0.05240488052368164, 
        "total": 0.05240488052368164, 
        "trans": 0.004446983337402344, 
        "solve": 0.0479578971862793
    }, 
    "4": {
        "this": 0.012791156768798828, 
        "total": 0.06519603729248047, 
        "trans": 0.0020580291748046875, 
        "solve": 0.01073312759399414
    }, 
    "2": {
        "this": 0.0038149356842041016, 
        "total": 0.06901097297668457, 
        "trans": 0.0010509490966796875, 
        "solve": 0.002763986587524414
    }, 
    "3": {
        "this": 0.6944079399108887, 
        "total": 0.7634189128875732, 
        "trans": 0.0015270709991455078, 
        "solve": 0.6928808689117432
    }
}
