{
    "69": {
        "this": 1.1008028984069824, 
        "total": 1.1008028984069824, 
        "trans": 0.48766303062438965, 
        "solve": 0.6131398677825928
    }, 
    "35": {
        "this": 0.37754106521606445, 
        "total": 1.4783439636230469, 
        "trans": 0.14479517936706543, 
        "solve": 0.23274588584899902
    }, 
    "18": {
        "this": 0.20892810821533203, 
        "total": 1.687272071838379, 
        "trans": 0.05133318901062012, 
        "solve": 0.15759491920471191
    }, 
    "9": {
        "this": 12.13434910774231, 
        "total": 13.821621179580688, 
        "trans": 0.019092082977294922, 
        "solve": 12.115257024765015
    }, 
    "14": {
        "this": 0.184279203414917, 
        "total": 14.005900382995605, 
        "trans": 0.036004066467285156, 
        "solve": 0.14827513694763184
    }, 
    "12": {
        "this": 0.1749720573425293, 
        "total": 14.180872440338135, 
        "trans": 0.028118133544921875, 
        "solve": 0.14685392379760742
    }, 
    "11": {
        "this": 0.15492987632751465, 
        "total": 14.33580231666565, 
        "trans": 0.02593088150024414, 
        "solve": 0.1289989948272705
    }, 
    "10": {
        "this": 117.5660707950592, 
        "total": 131.90187311172485, 
        "trans": 0.022090911865234375, 
        "solve": 117.54397988319397
    }
}
