{
    "42": {
        "this": 0.35813474655151367, 
        "total": 0.35813474655151367, 
        "trans": 0.1394178867340088, 
        "solve": 0.21871685981750488
    }, 
    "21": {
        "this": 0.14958882331848145, 
        "total": 0.5077235698699951, 
        "trans": 0.04627180099487305, 
        "solve": 0.1033170223236084
    }, 
    "11": {
        "this": 0.09597396850585938, 
        "total": 0.6036975383758545, 
        "trans": 0.01901698112487793, 
        "solve": 0.07695698738098145
    }, 
    "6": {
        "this": 0.06045413017272949, 
        "total": 0.664151668548584, 
        "trans": 0.009452104568481445, 
        "solve": 0.05100202560424805
    }, 
    "9": {
        "trans": 0.014786005020141602
    }
}
