{
    "12": {
        "this": 0.09465384483337402, 
        "total": 0.09465384483337402, 
        "trans": 0.023802995681762695, 
        "solve": 0.07085084915161133
    }, 
    "6": {
        "this": 0.039285898208618164, 
        "total": 0.1339397430419922, 
        "trans": 0.009535074234008789, 
        "solve": 0.029750823974609375
    }, 
    "3": {
        "this": 0.019444704055786133, 
        "total": 0.15338444709777832, 
        "trans": 0.00470280647277832, 
        "solve": 0.014741897583007812
    }, 
    "5": {
        "this": 0.03535890579223633, 
        "total": 0.18874335289001465, 
        "trans": 0.007622957229614258, 
        "solve": 0.02773594856262207
    }, 
    "4": {
        "this": 0.027699947357177734, 
        "total": 0.21644330024719238, 
        "trans": 0.0060880184173583984, 
        "solve": 0.021611928939819336
    }
}
