{
    "38": {
        "this": 0.6198759078979492, 
        "total": 0.6198759078979492, 
        "trans": 0.2865419387817383, 
        "solve": 0.33333396911621094
    }, 
    "19": {
        "this": 9.23610520362854, 
        "total": 9.85598111152649, 
        "trans": 0.1190950870513916, 
        "solve": 9.117010116577148
    }, 
    "10": {
        "trans": 0.05965709686279297
    }
}
