{
    "61": {
        "this": 1.57371187210083, 
        "total": 1.57371187210083, 
        "trans": 0.8249189853668213, 
        "solve": 0.7487928867340088
    }, 
    "31": {
        "trans": 0.356781005859375
    }
}
