{
    "249": {
        "this": 124.35412693023682, 
        "total": 124.35412693023682, 
        "trans": 60.4429190158844, 
        "solve": 63.91120791435242
    }, 
    "125": {
        "this": 45.438936948776245, 
        "total": 169.79306387901306, 
        "trans": 24.197718858718872, 
        "solve": 21.241218090057373
    }, 
    "63": {
        "trans": 10.855432987213135
    }
}
