{
    "13": {
        "this": 0.38163113594055176, 
        "total": 0.38163113594055176, 
        "trans": 0.11439108848571777, 
        "solve": 0.267240047454834
    }, 
    "7": {
        "this": 0.8134431838989258, 
        "total": 1.1950743198394775, 
        "trans": 0.051859140396118164, 
        "solve": 0.7615840435028076
    }, 
    "10": {
        "this": 175.46700811386108, 
        "total": 176.66208243370056, 
        "trans": 0.08044910430908203, 
        "solve": 175.386559009552
    }, 
    "12": {
        "this": 0.3887310028076172, 
        "total": 177.05081343650818, 
        "trans": 0.1093909740447998, 
        "solve": 0.2793400287628174
    }, 
    "11": {
        "trans": 0.09293699264526367
    }
}
