{
    "195": {
        "this": 50.2375431060791, 
        "total": 50.2375431060791, 
        "trans": 24.92728900909424, 
        "solve": 25.310254096984863
    }, 
    "98": {
        "trans": 10.115567207336426
    }
}
