{
    "174": {
        "this": 17.11626887321472, 
        "total": 17.11626887321472, 
        "trans": 9.283837080001831, 
        "solve": 7.832431793212891
    }, 
    "87": {
        "this": 5.481091260910034, 
        "total": 22.597360134124756, 
        "trans": 2.8906590938568115, 
        "solve": 2.5904321670532227
    }, 
    "44": {
        "this": 1.9534428119659424, 
        "total": 24.5508029460907, 
        "trans": 0.9509868621826172, 
        "solve": 1.0024559497833252
    }, 
    "22": {
        "trans": 0.3582940101623535
    }
}
