{
    "174": {
        "this": 18.27536106109619, 
        "total": 18.27536106109619, 
        "trans": 9.956881046295166, 
        "solve": 8.318480014801025
    }, 
    "87": {
        "this": 5.716977119445801, 
        "total": 23.992338180541992, 
        "trans": 2.944094181060791, 
        "solve": 2.7728829383850098
    }, 
    "44": {
        "this": 2.024764060974121, 
        "total": 26.017102241516113, 
        "trans": 0.9809701442718506, 
        "solve": 1.0437939167022705
    }, 
    "22": {
        "trans": 0.36760592460632324
    }
}
