{
    "127": {
        "this": 12.297155857086182, 
        "total": 12.297155857086182, 
        "trans": 7.105123043060303, 
        "solve": 5.192032814025879
    }, 
    "64": {
        "trans": 2.269460916519165
    }
}
