{
    "14": {
        "this": 0.12081503868103027, 
        "total": 0.12081503868103027, 
        "trans": 0.038168907165527344, 
        "solve": 0.08264613151550293
    }, 
    "7": {
        "this": 0.25942134857177734, 
        "total": 0.3802363872528076, 
        "trans": 0.016476154327392578, 
        "solve": 0.24294519424438477
    }, 
    "11": {
        "this": 0.08979988098144531, 
        "total": 0.47003626823425293, 
        "trans": 0.027940988540649414, 
        "solve": 0.0618588924407959
    }, 
    "9": {
        "this": 0.06781697273254395, 
        "total": 0.5378532409667969, 
        "trans": 0.021831989288330078, 
        "solve": 0.04598498344421387
    }, 
    "8": {
        "this": 0.6231670379638672, 
        "total": 1.161020278930664, 
        "trans": 0.018859148025512695, 
        "solve": 0.6043078899383545
    }
}
