{
    "37": {
        "this": 0.2409970760345459, 
        "total": 0.2409970760345459, 
        "trans": 0.09115815162658691, 
        "solve": 0.14983892440795898
    }, 
    "19": {
        "this": 0.11722493171691895, 
        "total": 0.35822200775146484, 
        "trans": 0.03146100044250488, 
        "solve": 0.08576393127441406
    }, 
    "10": {
        "this": 154.8582079410553, 
        "total": 155.21642994880676, 
        "trans": 0.013068914413452148, 
        "solve": 154.84513902664185
    }, 
    "15": {
        "this": 0.10741567611694336, 
        "total": 155.3238456249237, 
        "trans": 0.022504806518554688, 
        "solve": 0.08491086959838867
    }, 
    "13": {
        "this": 0.08433198928833008, 
        "total": 155.40817761421204, 
        "trans": 0.018397808074951172, 
        "solve": 0.0659341812133789
    }, 
    "12": {
        "this": 0.07953286170959473, 
        "total": 155.48771047592163, 
        "trans": 0.016587018966674805, 
        "solve": 0.06294584274291992
    }, 
    "11": {
        "this": 0.07060694694519043, 
        "total": 155.55831742286682, 
        "trans": 0.014694929122924805, 
        "solve": 0.055912017822265625
    }
}
