{
    "252": {
        "this": 75.473060131073, 
        "total": 75.473060131073, 
        "trans": 40.86039113998413, 
        "solve": 34.61266899108887
    }, 
    "126": {
        "this": 21.119811058044434, 
        "total": 96.59287118911743, 
        "trans": 11.59640097618103, 
        "solve": 9.523410081863403
    }, 
    "63": {
        "this": 7.174888849258423, 
        "total": 103.76776003837585, 
        "trans": 3.6447629928588867, 
        "solve": 3.530125856399536
    }, 
    "32": {
        "trans": 1.3515939712524414
    }
}
