{
    "272": {
        "this": 62.13697385787964, 
        "total": 62.13697385787964, 
        "trans": 34.26315188407898, 
        "solve": 27.87382197380066
    }, 
    "136": {
        "this": 17.599680185317993, 
        "total": 79.73665404319763, 
        "trans": 9.700427055358887, 
        "solve": 7.8992531299591064
    }, 
    "68": {
        "this": 5.691608190536499, 
        "total": 85.42826223373413, 
        "trans": 3.0336430072784424, 
        "solve": 2.6579651832580566
    }, 
    "34": {
        "this": 2.190356969833374, 
        "total": 87.6186192035675, 
        "trans": 1.0857551097869873, 
        "solve": 1.1046018600463867
    }, 
    "17": {
        "trans": 0.44400501251220703
    }
}
