{
    "271": {
        "this": 63.14073324203491, 
        "total": 63.14073324203491, 
        "trans": 34.36214208602905, 
        "solve": 28.77859115600586
    }, 
    "136": {
        "this": 17.882059812545776, 
        "total": 81.02279305458069, 
        "trans": 9.71344780921936, 
        "solve": 8.168612003326416
    }, 
    "68": {
        "this": 5.805888891220093, 
        "total": 86.82868194580078, 
        "trans": 3.0567619800567627, 
        "solve": 2.74912691116333
    }, 
    "34": {
        "this": 2.2106919288635254, 
        "total": 89.0393738746643, 
        "trans": 1.1004159450531006, 
        "solve": 1.1102759838104248
    }, 
    "17": {
        "trans": 0.4352231025695801
    }
}
