{
    "37": {
        "this": 0.25365614891052246, 
        "total": 0.25365614891052246, 
        "trans": 0.08893013000488281, 
        "solve": 0.16472601890563965
    }, 
    "19": {
        "this": 0.10468721389770508, 
        "total": 0.35834336280822754, 
        "trans": 0.030160188674926758, 
        "solve": 0.07452702522277832
    }, 
    "10": {
        "this": 0.06176114082336426, 
        "total": 0.4201045036315918, 
        "trans": 0.011903047561645508, 
        "solve": 0.04985809326171875
    }, 
    "5": {
        "this": 0.025324106216430664, 
        "total": 0.44542860984802246, 
        "trans": 0.005190134048461914, 
        "solve": 0.02013397216796875
    }, 
    "8": {
        "this": 1.81606125831604, 
        "total": 2.2614898681640625, 
        "trans": 0.008865118026733398, 
        "solve": 1.8071961402893066
    }, 
    "9": {
        "this": 16.056437969207764, 
        "total": 18.317927837371826, 
        "trans": 0.010498046875, 
        "solve": 16.045939922332764
    }
}
