{
    "34": {
        "this": 1.7211120128631592, 
        "total": 1.7211120128631592, 
        "trans": 0.76767897605896, 
        "solve": 0.9534330368041992
    }, 
    "17": {
        "this": 0.7670400142669678, 
        "total": 2.488152027130127, 
        "trans": 0.3155388832092285, 
        "solve": 0.45150113105773926
    }, 
    "9": {
        "this": 0.4229409694671631, 
        "total": 2.91109299659729, 
        "trans": 0.15549993515014648, 
        "solve": 0.2674410343170166
    }, 
    "5": {
        "this": 0.30138301849365234, 
        "total": 3.2124760150909424, 
        "trans": 0.09968996047973633, 
        "solve": 0.20169305801391602
    }, 
    "3": {
        "this": 0.22545480728149414, 
        "total": 3.4379308223724365, 
        "trans": 0.05727100372314453, 
        "solve": 0.1681838035583496
    }, 
    "4": {
        "this": 0.2715022563934326, 
        "total": 3.709433078765869, 
        "trans": 0.07273411750793457, 
        "solve": 0.19876813888549805
    }
}
