{
    "22": {
        "this": 0.7308027744293213, 
        "total": 0.7308027744293213, 
        "trans": 0.317706823348999, 
        "solve": 0.41309595108032227
    }, 
    "11": {
        "this": 0.33718419075012207, 
        "total": 1.0679869651794434, 
        "trans": 0.12760496139526367, 
        "solve": 0.2095792293548584
    }, 
    "6": {
        "this": 27.128901958465576, 
        "total": 28.19688892364502, 
        "trans": 0.06412291526794434, 
        "solve": 27.064779043197632
    }, 
    "3": {
        "this": 0.13779973983764648, 
        "total": 28.334688663482666, 
        "trans": 0.034036874771118164, 
        "solve": 0.10376286506652832
    }, 
    "5": {
        "this": 1.0039639472961426, 
        "total": 29.33865261077881, 
        "trans": 0.05416297912597656, 
        "solve": 0.949800968170166
    }, 
    "4": {
        "this": 0.17359113693237305, 
        "total": 29.51224374771118, 
        "trans": 0.044448137283325195, 
        "solve": 0.12914299964904785
    }
}
