{
    "70": {
        "this": 5.363814115524292, 
        "total": 5.363814115524292, 
        "trans": 3.002500057220459, 
        "solve": 2.361314058303833
    }, 
    "35": {
        "this": 2.1403257846832275, 
        "total": 7.5041399002075195, 
        "trans": 1.1553819179534912, 
        "solve": 0.9849438667297363
    }, 
    "18": {
        "trans": 0.5425369739532471
    }
}
