{
    "90": {
        "this": 8.717866897583008, 
        "total": 8.717866897583008, 
        "trans": 4.825234889984131, 
        "solve": 3.892632007598877
    }, 
    "45": {
        "this": 3.3725011348724365, 
        "total": 12.090368032455444, 
        "trans": 1.791654109954834, 
        "solve": 1.5808470249176025
    }, 
    "23": {
        "trans": 0.7743279933929443
    }
}
