{
    "65": {
        "this": 4.504740953445435, 
        "total": 4.504740953445435, 
        "trans": 2.243798017501831, 
        "solve": 2.2609429359436035
    }, 
    "33": {
        "this": 1.6911649703979492, 
        "total": 6.195905923843384, 
        "trans": 0.7598748207092285, 
        "solve": 0.9312901496887207
    }, 
    "17": {
        "trans": 0.3115990161895752
    }
}
