{
    "56": {
        "this": 3.0518598556518555, 
        "total": 3.0518598556518555, 
        "trans": 1.5258369445800781, 
        "solve": 1.5260229110717773
    }, 
    "28": {
        "this": 1.1962270736694336, 
        "total": 4.248086929321289, 
        "trans": 0.5442550182342529, 
        "solve": 0.6519720554351807
    }, 
    "14": {
        "trans": 0.22186994552612305
    }
}
