{
    "50": {
        "this": 2.380490779876709, 
        "total": 2.380490779876709, 
        "trans": 1.1787519454956055, 
        "solve": 1.2017388343811035
    }, 
    "25": {
        "this": 0.9640870094299316, 
        "total": 3.3445777893066406, 
        "trans": 0.4215240478515625, 
        "solve": 0.5425629615783691
    }, 
    "13": {
        "trans": 0.1878368854522705
    }
}
