{
    "48": {
        "this": 2.314702033996582, 
        "total": 2.314702033996582, 
        "trans": 1.225337028503418, 
        "solve": 1.089365005493164
    }, 
    "24": {
        "this": 0.9660921096801758, 
        "total": 3.280794143676758, 
        "trans": 0.450747013092041, 
        "solve": 0.5153450965881348
    }, 
    "12": {
        "trans": 0.19299888610839844
    }
}
