{
    "22": {
        "this": 0.7313599586486816, 
        "total": 0.7313599586486816, 
        "trans": 0.3138101100921631, 
        "solve": 0.41754984855651855
    }, 
    "11": {
        "this": 0.3521308898925781, 
        "total": 1.0834908485412598, 
        "trans": 0.1275770664215088, 
        "solve": 0.22455382347106934
    }, 
    "6": {
        "this": 7.558757066726685, 
        "total": 8.642247915267944, 
        "trans": 0.07401704788208008, 
        "solve": 7.4847400188446045
    }, 
    "3": {
        "this": 0.1411898136138916, 
        "total": 8.783437728881836, 
        "trans": 0.03377795219421387, 
        "solve": 0.10741186141967773
    }, 
    "5": {
        "this": 0.9783008098602295, 
        "total": 9.761738538742065, 
        "trans": 0.05288195610046387, 
        "solve": 0.9254188537597656
    }, 
    "4": {
        "this": 0.18824005126953125, 
        "total": 9.949978590011597, 
        "trans": 0.054936885833740234, 
        "solve": 0.13330316543579102
    }
}
