{
    "70": {
        "this": 6.09647011756897, 
        "total": 6.09647011756897, 
        "trans": 3.3664650917053223, 
        "solve": 2.7300050258636475
    }, 
    "35": {
        "this": 2.4048731327056885, 
        "total": 8.501343250274658, 
        "trans": 1.2457859516143799, 
        "solve": 1.1590871810913086
    }, 
    "18": {
        "trans": 0.5655360221862793
    }
}
