{
    "35": {
        "this": 1.8412060737609863, 
        "total": 1.8412060737609863, 
        "trans": 0.8590600490570068, 
        "solve": 0.9821460247039795
    }, 
    "18": {
        "this": 0.8142008781433105, 
        "total": 2.655406951904297, 
        "trans": 0.3513619899749756, 
        "solve": 0.46283888816833496
    }, 
    "9": {
        "this": 5.535569906234741, 
        "total": 8.190976858139038, 
        "trans": 0.16418790817260742, 
        "solve": 5.371381998062134
    }, 
    "5": {
        "this": 0.2801949977874756, 
        "total": 8.471171855926514, 
        "trans": 0.09154200553894043, 
        "solve": 0.18865299224853516
    }, 
    "3": {
        "this": 0.22634387016296387, 
        "total": 8.697515726089478, 
        "trans": 0.060894012451171875, 
        "solve": 0.165449857711792
    }, 
    "4": {
        "this": 0.2701911926269531, 
        "total": 8.96770691871643, 
        "trans": 0.0757911205291748, 
        "solve": 0.19440007209777832
    }
}
