{
    "79": {
        "this": 7.111920118331909, 
        "total": 7.111920118331909, 
        "trans": 3.904202938079834, 
        "solve": 3.207717180252075
    }, 
    "40": {
        "this": 2.755385160446167, 
        "total": 9.867305278778076, 
        "trans": 1.4577841758728027, 
        "solve": 1.2976009845733643
    }, 
    "20": {
        "trans": 0.6145610809326172
    }
}
