{
    "39": {
        "this": 0.5689980983734131, 
        "total": 0.5689980983734131, 
        "trans": 0.27025413513183594, 
        "solve": 0.29874396324157715
    }, 
    "20": {
        "this": 0.278123140335083, 
        "total": 0.8471212387084961, 
        "trans": 0.10858011245727539, 
        "solve": 0.16954302787780762
    }, 
    "10": {
        "this": 204.80194282531738, 
        "total": 205.64906406402588, 
        "trans": 0.044508934020996094, 
        "solve": 204.7574338912964
    }, 
    "15": {
        "trans": 0.07485389709472656
    }
}
