{
    "17": {
        "this": 0.19376730918884277, 
        "total": 0.19376730918884277, 
        "trans": 0.04403209686279297, 
        "solve": 0.1497352123260498
    }, 
    "9": {
        "this": 0.09737706184387207, 
        "total": 0.29114437103271484, 
        "trans": 0.01708507537841797, 
        "solve": 0.0802919864654541
    }, 
    "5": {
        "this": 0.03423190116882324, 
        "total": 0.3253762722015381, 
        "trans": 0.008722066879272461, 
        "solve": 0.02550983428955078
    }, 
    "7": {
        "this": 0.17806172370910645, 
        "total": 0.5034379959106445, 
        "trans": 0.012806892395019531, 
        "solve": 0.16525483131408691
    }, 
    "8": {
        "this": 0.07835197448730469, 
        "total": 0.5817899703979492, 
        "trans": 0.014271020889282227, 
        "solve": 0.06408095359802246
    }
}
