{
    "64": {
        "this": 1.353241205215454, 
        "total": 1.353241205215454, 
        "trans": 0.6883821487426758, 
        "solve": 0.6648590564727783
    }, 
    "32": {
        "this": 0.5895099639892578, 
        "total": 1.942751169204712, 
        "trans": 0.2667360305786133, 
        "solve": 0.32277393341064453
    }, 
    "16": {
        "trans": 0.10989594459533691
    }
}
