{
    "64": {
        "this": 1.6377971172332764, 
        "total": 1.6377971172332764, 
        "trans": 0.8664331436157227, 
        "solve": 0.7713639736175537
    }, 
    "32": {
        "trans": 0.3527829647064209
    }
}
