{
    "3": {
        "this": 0.010842084884643555, 
        "total": 0.010842084884643555, 
        "trans": 0.0018610954284667969, 
        "solve": 0.008980989456176758
    }, 
    "4": {
        "this": 0.01672816276550293, 
        "total": 0.027570247650146484, 
        "trans": 0.002354145050048828, 
        "solve": 0.014374017715454102
    }
}
