{
    "3": {
        "this": 0.010572195053100586, 
        "total": 0.010572195053100586, 
        "trans": 0.0018320083618164062, 
        "solve": 0.00874018669128418
    }, 
    "4": {
        "this": 0.015333890914916992, 
        "total": 0.025906085968017578, 
        "trans": 0.002321004867553711, 
        "solve": 0.013012886047363281
    }
}
