{
    "3": {
        "this": 0.010538101196289062, 
        "total": 0.010538101196289062, 
        "trans": 0.001455068588256836, 
        "solve": 0.009083032608032227
    }, 
    "4": {
        "this": 0.014320850372314453, 
        "total": 0.024858951568603516, 
        "trans": 0.0020270347595214844, 
        "solve": 0.012293815612792969
    }
}
