{
    "3": {
        "this": 0.009482860565185547, 
        "total": 0.009482860565185547, 
        "trans": 0.0014829635620117188, 
        "solve": 0.007999897003173828
    }, 
    "4": {
        "this": 0.013134002685546875, 
        "total": 0.022616863250732422, 
        "trans": 0.0021169185638427734, 
        "solve": 0.011017084121704102
    }
}
