{
    "80": {
        "this": 2.3534793853759766, 
        "total": 2.3534793853759766, 
        "trans": 1.2289671897888184, 
        "solve": 1.1245121955871582
    }, 
    "40": {
        "this": 0.897550106048584, 
        "total": 3.2510294914245605, 
        "trans": 0.4319000244140625, 
        "solve": 0.4656500816345215
    }, 
    "20": {
        "trans": 0.15865015983581543
    }
}
