{
    "79": {
        "this": 2.3277390003204346, 
        "total": 2.3277390003204346, 
        "trans": 1.2289910316467285, 
        "solve": 1.098747968673706
    }, 
    "40": {
        "this": 0.8709580898284912, 
        "total": 3.198697090148926, 
        "trans": 0.41643404960632324, 
        "solve": 0.45452404022216797
    }, 
    "20": {
        "trans": 0.1608870029449463
    }
}
