{
    "79": {
        "this": 2.257922887802124, 
        "total": 2.257922887802124, 
        "trans": 1.1753959655761719, 
        "solve": 1.0825269222259521
    }, 
    "40": {
        "this": 0.8736679553985596, 
        "total": 3.1315908432006836, 
        "trans": 0.40370798110961914, 
        "solve": 0.46995997428894043
    }, 
    "20": {
        "trans": 0.1605510711669922
    }
}
