{
    "80": {
        "this": 2.3527400493621826, 
        "total": 2.3527400493621826, 
        "trans": 1.2046899795532227, 
        "solve": 1.14805006980896
    }, 
    "40": {
        "this": 0.8527438640594482, 
        "total": 3.205483913421631, 
        "trans": 0.3940470218658447, 
        "solve": 0.4586968421936035
    }, 
    "20": {
        "trans": 0.15982890129089355
    }
}
