{
    "61": {
        "this": 1.680840253829956, 
        "total": 1.680840253829956, 
        "trans": 0.8441991806030273, 
        "solve": 0.8366410732269287
    }, 
    "31": {
        "trans": 0.30199289321899414
    }
}
