{
    "12": {
        "this": 0.033374786376953125, 
        "total": 0.033374786376953125, 
        "trans": 0.008384943008422852, 
        "solve": 0.024989843368530273
    }, 
    "6": {
        "this": 0.015373945236206055, 
        "total": 0.04874873161315918, 
        "trans": 0.003403902053833008, 
        "solve": 0.011970043182373047
    }, 
    "3": {
        "this": 0.008359193801879883, 
        "total": 0.05710792541503906, 
        "trans": 0.001661062240600586, 
        "solve": 0.006698131561279297
    }, 
    "5": {
        "this": 26.275976181030273, 
        "total": 26.333084106445312, 
        "trans": 0.0027670860290527344, 
        "solve": 26.27320909500122
    }
}
