{
    "3": {
        "this": 0.0039021968841552734, 
        "total": 0.0039021968841552734, 
        "trans": 0.00028204917907714844, 
        "solve": 0.003620147705078125
    }, 
    "5": {
        "this": 0.006117820739746094, 
        "total": 0.010020017623901367, 
        "trans": 0.00045490264892578125, 
        "solve": 0.0056629180908203125
    }, 
    "4": {
        "this": 0.004801034927368164, 
        "total": 0.014821052551269531, 
        "trans": 0.00035309791564941406, 
        "solve": 0.00444793701171875
    }
}
