{
    "6": {
        "this": 0.007080078125, 
        "total": 0.007080078125, 
        "trans": 0.0012509822845458984, 
        "solve": 0.0058290958404541016
    }, 
    "3": {
        "this": 0.005148172378540039, 
        "total": 0.012228250503540039, 
        "trans": 0.0006420612335205078, 
        "solve": 0.004506111145019531
    }, 
    "5": {
        "this": 0.0060541629791259766, 
        "total": 0.018282413482666016, 
        "trans": 0.001043081283569336, 
        "solve": 0.005011081695556641
    }, 
    "4": {
        "this": 0.03196072578430176, 
        "total": 0.05024313926696777, 
        "trans": 0.0008118152618408203, 
        "solve": 0.031148910522460938
    }
}
