{
    "24": {
        "this": 0.17459988594055176, 
        "total": 0.17459988594055176, 
        "trans": 0.0625910758972168, 
        "solve": 0.11200881004333496
    }, 
    "12": {
        "this": 0.08545589447021484, 
        "total": 0.2600557804107666, 
        "trans": 0.02279806137084961, 
        "solve": 0.06265783309936523
    }, 
    "6": {
        "trans": 0.009621143341064453
    }
}
