{
    "48": {
        "this": 1.176328182220459, 
        "total": 1.176328182220459, 
        "trans": 0.5229310989379883, 
        "solve": 0.6533970832824707
    }, 
    "24": {
        "this": 0.4536559581756592, 
        "total": 1.6299841403961182, 
        "trans": 0.16468286514282227, 
        "solve": 0.2889730930328369
    }, 
    "12": {
        "this": 0.2556941509246826, 
        "total": 1.8856782913208008, 
        "trans": 0.06760311126708984, 
        "solve": 0.18809103965759277
    }, 
    "6": {
        "trans": 0.026672840118408203
    }
}
