{
    "30": {
        "this": 3.9503440856933594, 
        "total": 3.9503440856933594, 
        "trans": 1.6602461338043213, 
        "solve": 2.290097951889038
    }, 
    "15": {
        "trans": 0.8645069599151611
    }
}
