{
    "60": {
        "this": 162.60449695587158, 
        "total": 162.60449695587158, 
        "trans": 23.52672004699707, 
        "solve": 139.0777769088745
    }, 
    "30": {
        "trans": 9.864393949508667
    }
}
