{
    "40": {
        "this": 21.520402908325195, 
        "total": 21.520402908325195, 
        "trans": 6.583550930023193, 
        "solve": 14.936851978302002
    }, 
    "20": {
        "trans": 2.1040849685668945
    }
}
