{
    "33": {
        "this": 0.40937185287475586, 
        "total": 0.40937185287475586, 
        "trans": 0.19351506233215332, 
        "solve": 0.21585679054260254
    }, 
    "17": {
        "this": 0.1733851432800293, 
        "total": 0.5827569961547852, 
        "trans": 0.08445906639099121, 
        "solve": 0.08892607688903809
    }, 
    "9": {
        "this": 21.064260005950928, 
        "total": 21.647017002105713, 
        "trans": 0.04251289367675781, 
        "solve": 21.02174711227417
    }, 
    "13": {
        "this": 0.12851977348327637, 
        "total": 21.77553677558899, 
        "trans": 0.06276178359985352, 
        "solve": 0.06575798988342285
    }, 
    "11": {
        "trans": 0.052935123443603516
    }
}
