{
    "18": {
        "this": 0.04826688766479492, 
        "total": 0.04826688766479492, 
        "trans": 0.022534847259521484, 
        "solve": 0.025732040405273438
    }, 
    "9": {
        "this": 0.029726266860961914, 
        "total": 0.07799315452575684, 
        "trans": 0.00941014289855957, 
        "solve": 0.020316123962402344
    }, 
    "5": {
        "this": 0.017445087432861328, 
        "total": 0.09543824195861816, 
        "trans": 0.005277156829833984, 
        "solve": 0.012167930603027344
    }, 
    "7": {
        "this": 0.07461404800415039, 
        "total": 0.17005228996276855, 
        "trans": 0.00733494758605957, 
        "solve": 0.06727910041809082
    }, 
    "6": {
        "this": 1.1488521099090576, 
        "total": 1.3189043998718262, 
        "trans": 0.0062580108642578125, 
        "solve": 1.1425940990447998
    }
}
