{
    "33": {
        "this": 0.3216261863708496, 
        "total": 0.3216261863708496, 
        "trans": 0.14390206336975098, 
        "solve": 0.17772412300109863
    }, 
    "17": {
        "this": 0.13205313682556152, 
        "total": 0.45367932319641113, 
        "trans": 0.06159400939941406, 
        "solve": 0.07045912742614746
    }, 
    "9": {
        "trans": 0.0303189754486084
    }
}
