{
    "25": {
        "this": 0.1085507869720459, 
        "total": 0.1085507869720459, 
        "trans": 0.04856300354003906, 
        "solve": 0.059987783432006836
    }, 
    "13": {
        "this": 0.04751992225646973, 
        "total": 0.15607070922851562, 
        "trans": 0.021543025970458984, 
        "solve": 0.025976896286010742
    }, 
    "7": {
        "this": 0.041593074798583984, 
        "total": 0.1976637840270996, 
        "trans": 0.010905981063842773, 
        "solve": 0.03068709373474121
    }, 
    "4": {
        "this": 0.01976799964904785, 
        "total": 0.21743178367614746, 
        "trans": 0.0065839290618896484, 
        "solve": 0.013184070587158203
    }, 
    "6": {
        "this": 0.04079079627990723, 
        "total": 0.2582225799560547, 
        "trans": 0.009382009506225586, 
        "solve": 0.03140878677368164
    }
}
