{
    "13": {
        "this": 0.028649091720581055, 
        "total": 0.028649091720581055, 
        "trans": 0.008862018585205078, 
        "solve": 0.019787073135375977
    }, 
    "7": {
        "this": 0.013836860656738281, 
        "total": 0.042485952377319336, 
        "trans": 0.004339933395385742, 
        "solve": 0.009496927261352539
    }, 
    "4": {
        "this": 0.009541034698486328, 
        "total": 0.052026987075805664, 
        "trans": 0.0027589797973632812, 
        "solve": 0.006782054901123047
    }, 
    "6": {
        "this": 0.012453794479370117, 
        "total": 0.06448078155517578, 
        "trans": 0.0037539005279541016, 
        "solve": 0.008699893951416016
    }, 
    "5": {
        "this": 0.010436058044433594, 
        "total": 0.07491683959960938, 
        "trans": 0.0031850337982177734, 
        "solve": 0.00725102424621582
    }
}
