{
    "28": {
        "this": 0.18735814094543457, 
        "total": 0.18735814094543457, 
        "trans": 0.08396196365356445, 
        "solve": 0.10339617729187012
    }, 
    "14": {
        "this": 0.0754697322845459, 
        "total": 0.26282787322998047, 
        "trans": 0.03532290458679199, 
        "solve": 0.040146827697753906
    }, 
    "7": {
        "this": 0.28296899795532227, 
        "total": 0.5457968711853027, 
        "trans": 0.01717686653137207, 
        "solve": 0.2657921314239502
    }, 
    "11": {
        "this": 0.05729508399963379, 
        "total": 0.6030919551849365, 
        "trans": 0.02666306495666504, 
        "solve": 0.03063201904296875
    }, 
    "9": {
        "this": 1.2686049938201904, 
        "total": 1.871696949005127, 
        "trans": 0.021459102630615234, 
        "solve": 1.2471458911895752
    }, 
    "8": {
        "trans": 0.01935887336730957
    }
}
