{
    "71": {
        "this": 1.890120029449463, 
        "total": 1.890120029449463, 
        "trans": 0.9129879474639893, 
        "solve": 0.9771320819854736
    }, 
    "36": {
        "this": 0.6961929798126221, 
        "total": 2.586313009262085, 
        "trans": 0.31745100021362305, 
        "solve": 0.378741979598999
    }, 
    "18": {
        "trans": 0.12170910835266113
    }
}
