{
    "71": {
        "this": 1.9426720142364502, 
        "total": 1.9426720142364502, 
        "trans": 0.9346199035644531, 
        "solve": 1.008052110671997
    }, 
    "36": {
        "this": 0.7029821872711182, 
        "total": 2.6456542015075684, 
        "trans": 0.32178711891174316, 
        "solve": 0.381195068359375
    }, 
    "18": {
        "trans": 0.12373495101928711
    }
}
