{
    "56": {
        "this": 1.418717861175537, 
        "total": 1.418717861175537, 
        "trans": 0.6945948600769043, 
        "solve": 0.7241230010986328
    }, 
    "28": {
        "trans": 0.24992704391479492
    }
}
